[
{
  "model": "categories.category",
  "pk": 3,
  "fields": {
    "category_name": "Casa y jardin",
    "slug": "casa-y-jardin"
  }
},
{
  "model": "categories.category",
  "pk": 4,
  "fields": {
    "category_name": "Ropa y accesorios",
    "slug": "ropa-y-accesorios"
  }
},
{
  "model": "categories.category",
  "pk": 5,
  "fields": {
    "category_name": "Electronica",
    "slug": "electronica"
  }
},
{
  "model": "categories.category",
  "pk": 6,
  "fields": {
    "category_name": "Familia",
    "slug": "familia"
  }
},
{
  "model": "categories.category",
  "pk": 7,
  "fields": {
    "category_name": "Aficiones",
    "slug": "aficiones"
  }
},
{
  "model": "categories.category",
  "pk": 8,
  "fields": {
    "category_name": "Entretenimiento",
    "slug": "entretenimiento"
  }
},
{
  "model": "categories.category",
  "pk": 9,
  "fields": {
    "category_name": "Vehiculos",
    "slug": "vehiculos"
  }
},
{
  "model": "categories.category",
  "pk": 10,
  "fields": {
    "category_name": "Servicios",
    "slug": "servicios"
  }
},
{
  "model": "categories.category",
  "pk": 11,
  "fields": {
    "category_name": "Inmuebles",
    "slug": "inmuebles"
  }
},
{
  "model": "categories.brand",
  "pk": 1,
  "fields": {
    "brand_name": "LG",
    "slug": "lg"
  }
},
{
  "model": "categories.brand",
  "pk": 2,
  "fields": {
    "brand_name": "Dell",
    "slug": "dell"
  }
},
{
  "model": "categories.brand",
  "pk": 3,
  "fields": {
    "brand_name": "Samsung",
    "slug": "samsung"
  }
},
{
  "model": "categories.brand",
  "pk": 4,
  "fields": {
    "brand_name": "Motorola",
    "slug": "motorola"
  }
},
{
  "model": "categories.brand",
  "pk": 5,
  "fields": {
    "brand_name": "Apple",
    "slug": "apple"
  }
},
{
  "model": "categories.brand",
  "pk": 6,
  "fields": {
    "brand_name": "Iphone",
    "slug": "iphone"
  }
},
{
  "model": "categories.brand",
  "pk": 7,
  "fields": {
    "brand_name": "Compaq",
    "slug": "compaq"
  }
},
{
  "model": "categories.brand",
  "pk": 8,
  "fields": {
    "brand_name": "Ipad",
    "slug": "ipad"
  }
},
{
  "model": "categories.brand",
  "pk": 9,
  "fields": {
    "brand_name": "Otras marcas",
    "slug": "otras-marcas"
  }
},
{
  "model": "categories.brand",
  "pk": 10,
  "fields": {
    "brand_name": "Lenovo",
    "slug": "lenovo"
  }
},
{
  "model": "categories.brand",
  "pk": 11,
  "fields": {
    "brand_name": "Positivo BGH",
    "slug": "positivo_bgh"
  }
},
{
  "model": "categories.suba",
  "pk": 4,
  "fields": {
    "category": 3,
    "subA_name": "Muebles",
    "slug": "muebles",
    "brand": []
  }
},
{
  "model": "categories.suba",
  "pk": 5,
  "fields": {
    "category": 3,
    "subA_name": "Hogar",
    "slug": "hogar",
    "brand": []
  }
},
{
  "model": "categories.suba",
  "pk": 6,
  "fields": {
    "category": 3,
    "subA_name": "Electrodomesticos",
    "slug": "electrodomesticos",
    "brand": []
  }
},
{
  "model": "categories.suba",
  "pk": 7,
  "fields": {
    "category": 3,
    "subA_name": "Herramientas",
    "slug": "herramientas",
    "brand": []
  }
},
{
  "model": "categories.suba",
  "pk": 8,
  "fields": {
    "category": 3,
    "subA_name": "Jardineria",
    "slug": "jardineria",
    "brand": []
  }
},
{
  "model": "categories.suba",
  "pk": 9,
  "fields": {
    "category": 4,
    "subA_name": "Ropa y calzado - Mujer",
    "slug": "ropa-y-calzado-mujer",
    "brand": []
  }
},
{
  "model": "categories.suba",
  "pk": 10,
  "fields": {
    "category": 4,
    "subA_name": "Ropa y calzado - Hombre",
    "slug": "ropa-y-calzado-hombre",
    "brand": []
  }
},
{
  "model": "categories.suba",
  "pk": 11,
  "fields": {
    "category": 4,
    "subA_name": "Joyas y accesorios",
    "slug": "joyas-y-accesorios",
    "brand": []
  }
},
{
  "model": "categories.suba",
  "pk": 12,
  "fields": {
    "category": 4,
    "subA_name": "Bolsos y equipaje",
    "slug": "bolsos-y-equipaje",
    "brand": []
  }
},
{
  "model": "categories.suba",
  "pk": 13,
  "fields": {
    "category": 5,
    "subA_name": "Electronica e informatica",
    "slug": "electronica-e-informatica",
    "brand": []
  }
},
{
  "model": "categories.suba",
  "pk": 14,
  "fields": {
    "category": 5,
    "subA_name": "Telefonos moviles",
    "slug": "telefonos-moviles",
    "brand": [
      1,
      3,
      4,
      5,
      6,
      9
    ]
  }
},
{
  "model": "categories.suba",
  "pk": 15,
  "fields": {
    "category": 6,
    "subA_name": "Bebes y ninos",
    "slug": "bebes-y-ninos",
    "brand": []
  }
},
{
  "model": "categories.suba",
  "pk": 16,
  "fields": {
    "category": 6,
    "subA_name": "Salud y belleza",
    "slug": "salud-y-belleza",
    "brand": []
  }
},
{
  "model": "categories.suba",
  "pk": 17,
  "fields": {
    "category": 6,
    "subA_name": "Juguetes y juegos",
    "slug": "juguetes-y-juegos",
    "brand": []
  }
},
{
  "model": "categories.suba",
  "pk": 18,
  "fields": {
    "category": 6,
    "subA_name": "Mascotas",
    "slug": "mascotas",
    "brand": []
  }
},
{
  "model": "categories.suba",
  "pk": 19,
  "fields": {
    "category": 7,
    "subA_name": "Deportes y actividades al aire libre",
    "slug": "deportes-y-actividades-al-aire-libre",
    "brand": []
  }
},
{
  "model": "categories.suba",
  "pk": 22,
  "fields": {
    "category": 7,
    "subA_name": "Antiguedades",
    "slug": "antiguedades",
    "brand": []
  }
},
{
  "model": "categories.suba",
  "pk": 23,
  "fields": {
    "category": 7,
    "subA_name": "Instrumentos musicales",
    "slug": "instrumentos-musicales",
    "brand": []
  }
},
{
  "model": "categories.suba",
  "pk": 24,
  "fields": {
    "category": 7,
    "subA_name": "Arte y manualidades",
    "slug": "arte-y-manualidades",
    "brand": []
  }
},
{
  "model": "categories.suba",
  "pk": 25,
  "fields": {
    "category": 8,
    "subA_name": "VideosJuegos",
    "slug": "videosjuegos",
    "brand": []
  }
},
{
  "model": "categories.suba",
  "pk": 26,
  "fields": {
    "category": 8,
    "subA_name": "Literatura, cine y musica",
    "slug": "literatura-cine-y-musica",
    "brand": []
  }
},
{
  "model": "categories.suba",
  "pk": 27,
  "fields": {
    "category": 9,
    "subA_name": "Autos",
    "slug": "autos",
    "brand": []
  }
},
{
  "model": "categories.suba",
  "pk": 28,
  "fields": {
    "category": 9,
    "subA_name": "Motos",
    "slug": "motos",
    "brand": []
  }
},
{
  "model": "categories.suba",
  "pk": 29,
  "fields": {
    "category": 9,
    "subA_name": "Cuatriciclos",
    "slug": "cuatriciclos",
    "brand": []
  }
},
{
  "model": "categories.suba",
  "pk": 30,
  "fields": {
    "category": 9,
    "subA_name": "Camiones",
    "slug": "camiones",
    "brand": []
  }
},
{
  "model": "categories.suba",
  "pk": 31,
  "fields": {
    "category": 9,
    "subA_name": "Otros vehiculos",
    "slug": "otros-vehiculos",
    "brand": []
  }
},
{
  "model": "categories.suba",
  "pk": 32,
  "fields": {
    "category": 10,
    "subA_name": "Fiestas de eventos",
    "slug": "fiestas-de-eventos",
    "brand": []
  }
},
{
  "model": "categories.suba",
  "pk": 33,
  "fields": {
    "category": 10,
    "subA_name": "Servicio tecnico",
    "slug": "servicio-tecnico",
    "brand": []
  }
},
{
  "model": "categories.suba",
  "pk": 34,
  "fields": {
    "category": 10,
    "subA_name": "Viajes y turismo",
    "slug": "viajes-y-turismo",
    "brand": []
  }
},
{
  "model": "categories.suba",
  "pk": 35,
  "fields": {
    "category": 10,
    "subA_name": "Otros servicios",
    "slug": "otros-servicios",
    "brand": []
  }
},
{
  "model": "categories.suba",
  "pk": 36,
  "fields": {
    "category": 11,
    "subA_name": "Casas",
    "slug": "casas",
    "brand": []
  }
},
{
  "model": "categories.suba",
  "pk": 37,
  "fields": {
    "category": 11,
    "subA_name": "Departamentos",
    "slug": "departamentos",
    "brand": []
  }
},
{
  "model": "categories.suba",
  "pk": 38,
  "fields": {
    "category": 11,
    "subA_name": "Campos",
    "slug": "campos",
    "brand": []
  }
},
{
  "model": "categories.suba",
  "pk": 39,
  "fields": {
    "category": 11,
    "subA_name": "Terrenos y lotes",
    "slug": "terrenos-y-lotes",
    "brand": []
  }
},
{
  "model": "categories.suba",
  "pk": 40,
  "fields": {
    "category": 11,
    "subA_name": "Otros inmuebles",
    "slug": "otros-inmuebles",
    "brand": []
  }
},
{
  "model": "categories.subb",
  "pk": 4,
  "fields": {
    "subA": 4,
    "subB_name": "Sillones",
    "slug": "sillones",
    "brand": []
  }
},
{
  "model": "categories.subb",
  "pk": 7,
  "fields": {
    "subA": 4,
    "subB_name": "Placares",
    "slug": "placares",
    "brand": []
  }
},
{
  "model": "categories.subb",
  "pk": 8,
  "fields": {
    "subA": 4,
    "subB_name": "Escritorios",
    "slug": "escritorios",
    "brand": []
  }
},
{
  "model": "categories.subb",
  "pk": 9,
  "fields": {
    "subA": 4,
    "subB_name": "Camas",
    "slug": "camas",
    "brand": []
  }
},
{
  "model": "categories.subb",
  "pk": 10,
  "fields": {
    "subA": 24,
    "subB_name": "Cuadros",
    "slug": "cuadros",
    "brand": []
  }
},
{
  "model": "categories.subb",
  "pk": 11,
  "fields": {
    "subA": 4,
    "subB_name": "Mesas y sillas",
    "slug": "mesas_y_sillas",
    "brand": []
  }
},
{
  "model": "categories.subb",
  "pk": 12,
  "fields": {
    "subA": 4,
    "subB_name": "Otros",
    "slug": "otros",
    "brand": []
  }
},
{
  "model": "categories.subb",
  "pk": 13,
  "fields": {
    "subA": 5,
    "subB_name": "Decoracion",
    "slug": "decoracion",
    "brand": []
  }
},
{
  "model": "categories.subb",
  "pk": 14,
  "fields": {
    "subA": 5,
    "subB_name": "Ventanas",
    "slug": "ventanas",
    "brand": []
  }
},
{
  "model": "categories.subb",
  "pk": 15,
  "fields": {
    "subA": 5,
    "subB_name": "Cortinas",
    "slug": "cortinas",
    "brand": []
  }
},
{
  "model": "categories.subb",
  "pk": 16,
  "fields": {
    "subA": 5,
    "subB_name": "Puertas",
    "slug": "puertas",
    "brand": []
  }
},
{
  "model": "categories.subb",
  "pk": 17,
  "fields": {
    "subA": 5,
    "subB_name": "Espejos",
    "slug": "espejos",
    "brand": []
  }
},
{
  "model": "categories.subb",
  "pk": 18,
  "fields": {
    "subA": 5,
    "subB_name": "Sanitarios",
    "slug": "sanitarios",
    "brand": []
  }
},
{
  "model": "categories.subb",
  "pk": 19,
  "fields": {
    "subA": 5,
    "subB_name": "Bazar",
    "slug": "bazar",
    "brand": []
  }
},
{
  "model": "categories.subb",
  "pk": 20,
  "fields": {
    "subA": 5,
    "subB_name": "Otros",
    "slug": "otros",
    "brand": []
  }
},
{
  "model": "categories.subb",
  "pk": 21,
  "fields": {
    "subA": 6,
    "subB_name": "Heladera y frezzer",
    "slug": "heladera-y-frezzer",
    "brand": []
  }
},
{
  "model": "categories.subb",
  "pk": 22,
  "fields": {
    "subA": 6,
    "subB_name": "Cocina",
    "slug": "cocina",
    "brand": []
  }
},
{
  "model": "categories.subb",
  "pk": 23,
  "fields": {
    "subA": 6,
    "subB_name": "Lavarropas",
    "slug": "lavarropas",
    "brand": []
  }
},
{
  "model": "categories.subb",
  "pk": 24,
  "fields": {
    "subA": 6,
    "subB_name": "Microondas",
    "slug": "microondas",
    "brand": []
  }
},
{
  "model": "categories.subb",
  "pk": 25,
  "fields": {
    "subA": 6,
    "subB_name": "Aire acondicionado",
    "slug": "aire_acondicionado",
    "brand": []
  }
},
{
  "model": "categories.subb",
  "pk": 26,
  "fields": {
    "subA": 6,
    "subB_name": "Otros",
    "slug": "otros",
    "brand": []
  }
},
{
  "model": "categories.subb",
  "pk": 27,
  "fields": {
    "subA": 7,
    "subB_name": "Herramientas electricas",
    "slug": "herramientas_electricas",
    "brand": []
  }
},
{
  "model": "categories.subb",
  "pk": 28,
  "fields": {
    "subA": 7,
    "subB_name": "Herramientas no electricas",
    "slug": "herramientas_no_electricas",
    "brand": []
  }
},
{
  "model": "categories.subb",
  "pk": 29,
  "fields": {
    "subA": 7,
    "subB_name": "Materiales de construccion",
    "slug": "materiales_de_construccion",
    "brand": []
  }
},
{
  "model": "categories.subb",
  "pk": 30,
  "fields": {
    "subA": 7,
    "subB_name": "Otros",
    "slug": "otros",
    "brand": []
  }
},
{
  "model": "categories.subb",
  "pk": 31,
  "fields": {
    "subA": 8,
    "subB_name": "Decoracion",
    "slug": "decoracion",
    "brand": []
  }
},
{
  "model": "categories.subb",
  "pk": 32,
  "fields": {
    "subA": 8,
    "subB_name": "Herramientas",
    "slug": "herramientas",
    "brand": []
  }
},
{
  "model": "categories.subb",
  "pk": 33,
  "fields": {
    "subA": 8,
    "subB_name": "Maquinarias",
    "slug": "maquinarias",
    "brand": []
  }
},
{
  "model": "categories.subb",
  "pk": 34,
  "fields": {
    "subA": 8,
    "subB_name": "Piscinas y piletas",
    "slug": "piscinas-y-piletas",
    "brand": []
  }
},
{
  "model": "categories.subb",
  "pk": 35,
  "fields": {
    "subA": 8,
    "subB_name": "Parrillas y asadores",
    "slug": "parrillas-y-asadores",
    "brand": []
  }
},
{
  "model": "categories.subb",
  "pk": 36,
  "fields": {
    "subA": 8,
    "subB_name": "Otros",
    "slug": "otros",
    "brand": []
  }
},
{
  "model": "categories.subb",
  "pk": 37,
  "fields": {
    "subA": 9,
    "subB_name": "Zapatillas",
    "slug": "zapatillas",
    "brand": []
  }
},
{
  "model": "categories.subb",
  "pk": 38,
  "fields": {
    "subA": 9,
    "subB_name": "Remeras",
    "slug": "remeras",
    "brand": []
  }
},
{
  "model": "categories.subb",
  "pk": 39,
  "fields": {
    "subA": 9,
    "subB_name": "Camperas",
    "slug": "camperas",
    "brand": []
  }
},
{
  "model": "categories.subb",
  "pk": 40,
  "fields": {
    "subA": 9,
    "subB_name": "Pantalones",
    "slug": "pantalones",
    "brand": []
  }
},
{
  "model": "categories.subb",
  "pk": 41,
  "fields": {
    "subA": 9,
    "subB_name": "indumentaria escolar",
    "slug": "indumentaria_escolar",
    "brand": []
  }
},
{
  "model": "categories.subb",
  "pk": 42,
  "fields": {
    "subA": 9,
    "subB_name": "Ropa interior",
    "slug": "ropa_interior",
    "brand": []
  }
},
{
  "model": "categories.subb",
  "pk": 43,
  "fields": {
    "subA": 9,
    "subB_name": "Vestidos",
    "slug": "vestidos",
    "brand": []
  }
},
{
  "model": "categories.subb",
  "pk": 44,
  "fields": {
    "subA": 9,
    "subB_name": "Zapatos",
    "slug": "zapatos",
    "brand": []
  }
},
{
  "model": "categories.subb",
  "pk": 45,
  "fields": {
    "subA": 9,
    "subB_name": "Bikinis",
    "slug": "bikinis",
    "brand": []
  }
},
{
  "model": "categories.subb",
  "pk": 46,
  "fields": {
    "subA": 9,
    "subB_name": "Otros",
    "slug": "otros",
    "brand": []
  }
},
{
  "model": "categories.subb",
  "pk": 47,
  "fields": {
    "subA": 10,
    "subB_name": "Zapatillas",
    "slug": "zapatillas",
    "brand": []
  }
},
{
  "model": "categories.subb",
  "pk": 48,
  "fields": {
    "subA": 10,
    "subB_name": "Remeras",
    "slug": "remeras",
    "brand": []
  }
},
{
  "model": "categories.subb",
  "pk": 49,
  "fields": {
    "subA": 10,
    "subB_name": "Camperas",
    "slug": "camperas",
    "brand": []
  }
},
{
  "model": "categories.subb",
  "pk": 50,
  "fields": {
    "subA": 10,
    "subB_name": "Pantalones",
    "slug": "pantalones",
    "brand": []
  }
},
{
  "model": "categories.subb",
  "pk": 51,
  "fields": {
    "subA": 10,
    "subB_name": "indumentaria escolar",
    "slug": "indumentaria_escolar",
    "brand": []
  }
},
{
  "model": "categories.subb",
  "pk": 52,
  "fields": {
    "subA": 10,
    "subB_name": "Ropa interior",
    "slug": "ropa_interior",
    "brand": []
  }
},
{
  "model": "categories.subb",
  "pk": 53,
  "fields": {
    "subA": 10,
    "subB_name": "Otros",
    "slug": "otros",
    "brand": []
  }
},
{
  "model": "categories.subb",
  "pk": 54,
  "fields": {
    "subA": 11,
    "subB_name": "Relojes",
    "slug": "relojes",
    "brand": []
  }
},
{
  "model": "categories.subb",
  "pk": 55,
  "fields": {
    "subA": 11,
    "subB_name": "Anillos",
    "slug": "anillos",
    "brand": []
  }
},
{
  "model": "categories.subb",
  "pk": 56,
  "fields": {
    "subA": 11,
    "subB_name": "Joyas",
    "slug": "joyas",
    "brand": []
  }
},
{
  "model": "categories.subb",
  "pk": 57,
  "fields": {
    "subA": 11,
    "subB_name": "Cadenas y collares",
    "slug": "cadenas-y-collares",
    "brand": []
  }
},
{
  "model": "categories.subb",
  "pk": 58,
  "fields": {
    "subA": 11,
    "subB_name": "Aros",
    "slug": "aros",
    "brand": []
  }
},
{
  "model": "categories.subb",
  "pk": 59,
  "fields": {
    "subA": 11,
    "subB_name": "Otros",
    "slug": "otros",
    "brand": []
  }
},
{
  "model": "categories.subb",
  "pk": 60,
  "fields": {
    "subA": 12,
    "subB_name": "Mochilas",
    "slug": "mochilas",
    "brand": []
  }
},
{
  "model": "categories.subb",
  "pk": 61,
  "fields": {
    "subA": 12,
    "subB_name": "Bolsos",
    "slug": "bolsos",
    "brand": []
  }
},
{
  "model": "categories.subb",
  "pk": 62,
  "fields": {
    "subA": 12,
    "subB_name": "Carteras",
    "slug": "carteras",
    "brand": []
  }
},
{
  "model": "categories.subb",
  "pk": 63,
  "fields": {
    "subA": 12,
    "subB_name": "Valijas",
    "slug": "valijas",
    "brand": []
  }
},
{
  "model": "categories.subb",
  "pk": 64,
  "fields": {
    "subA": 12,
    "subB_name": "Otros",
    "slug": "otros",
    "brand": []
  }
},
{
  "model": "categories.subb",
  "pk": 65,
  "fields": {
    "subA": 13,
    "subB_name": "Notebooks",
    "slug": "notebooks",
    "brand": [
      2,
      3,
      7,
      9,
      10,
      11
    ]
  }
},
{
  "model": "categories.subb",
  "pk": 66,
  "fields": {
    "subA": 13,
    "subB_name": "Netbooks",
    "slug": "netbooks",
    "brand": [
      1,
      2,
      3,
      7,
      9,
      10,
      11
    ]
  }
},
{
  "model": "categories.subb",
  "pk": 67,
  "fields": {
    "subA": 13,
    "subB_name": "PCs",
    "slug": "pcs",
    "brand": []
  }
},
{
  "model": "categories.subb",
  "pk": 68,
  "fields": {
    "subA": 13,
    "subB_name": "Televisores",
    "slug": "televisores",
    "brand": [
      1,
      3,
      9
    ]
  }
},
{
  "model": "categories.subb",
  "pk": 69,
  "fields": {
    "subA": 13,
    "subB_name": "Tablets",
    "slug": "tablets",
    "brand": [
      1,
      3,
      8,
      9,
      10,
      11
    ]
  }
},
{
  "model": "categories.subb",
  "pk": 70,
  "fields": {
    "subA": 13,
    "subB_name": "Testers",
    "slug": "testers",
    "brand": []
  }
},
{
  "model": "categories.subb",
  "pk": 71,
  "fields": {
    "subA": 13,
    "subB_name": "Equipo de musica",
    "slug": "equipo-de-musica",
    "brand": []
  }
},
{
  "model": "categories.subb",
  "pk": 72,
  "fields": {
    "subA": 13,
    "subB_name": "DVDs",
    "slug": "dvds",
    "brand": []
  }
},
{
  "model": "categories.subb",
  "pk": 73,
  "fields": {
    "subA": 13,
    "subB_name": "Accesorios de PC",
    "slug": "accesorios-de-pc",
    "brand": []
  }
},
{
  "model": "categories.subb",
  "pk": 74,
  "fields": {
    "subA": 13,
    "subB_name": "Camaras digitales",
    "slug": "camaras-digitales",
    "brand": []
  }
},
{
  "model": "categories.subb",
  "pk": 75,
  "fields": {
    "subA": 13,
    "subB_name": "Otros",
    "slug": "otros",
    "brand": []
  }
},
{
  "model": "categories.subb",
  "pk": 76,
  "fields": {
    "subA": 15,
    "subB_name": "Ropa y accesorios",
    "slug": "ropa-y-accesorios",
    "brand": []
  }
},
{
  "model": "categories.subb",
  "pk": 77,
  "fields": {
    "subA": 15,
    "subB_name": "Cuna",
    "slug": "cuna",
    "brand": []
  }
},
{
  "model": "categories.subb",
  "pk": 78,
  "fields": {
    "subA": 15,
    "subB_name": "Paniales",
    "slug": "paniales",
    "brand": []
  }
},
{
  "model": "categories.subb",
  "pk": 79,
  "fields": {
    "subA": 15,
    "subB_name": "Cochecitos",
    "slug": "cochecitos",
    "brand": []
  }
},
{
  "model": "categories.subb",
  "pk": 80,
  "fields": {
    "subA": 15,
    "subB_name": "Otros",
    "slug": "otros",
    "brand": []
  }
},
{
  "model": "categories.subb",
  "pk": 81,
  "fields": {
    "subA": 16,
    "subB_name": "Maquillaje",
    "slug": "maquillaje",
    "brand": []
  }
},
{
  "model": "categories.subb",
  "pk": 82,
  "fields": {
    "subA": 16,
    "subB_name": "Planchita",
    "slug": "planchita",
    "brand": []
  }
},
{
  "model": "categories.subb",
  "pk": 83,
  "fields": {
    "subA": 16,
    "subB_name": "Secador",
    "slug": "secador",
    "brand": []
  }
},
{
  "model": "categories.subb",
  "pk": 84,
  "fields": {
    "subA": 16,
    "subB_name": "Peluqueria",
    "slug": "peluqueria",
    "brand": []
  }
},
{
  "model": "categories.subb",
  "pk": 85,
  "fields": {
    "subA": 16,
    "subB_name": "Perfumes",
    "slug": "perfumes",
    "brand": []
  }
},
{
  "model": "categories.subb",
  "pk": 86,
  "fields": {
    "subA": 16,
    "subB_name": "Otros",
    "slug": "otros",
    "brand": []
  }
},
{
  "model": "categories.subb",
  "pk": 87,
  "fields": {
    "subA": 17,
    "subB_name": "Juguetes",
    "slug": "juguetes",
    "brand": []
  }
},
{
  "model": "categories.subb",
  "pk": 88,
  "fields": {
    "subA": 17,
    "subB_name": "Inflables",
    "slug": "inflables",
    "brand": []
  }
},
{
  "model": "categories.subb",
  "pk": 89,
  "fields": {
    "subA": 17,
    "subB_name": "Muniecos y accesorios",
    "slug": "muniecos-y-accesorios",
    "brand": []
  }
},
{
  "model": "categories.subb",
  "pk": 90,
  "fields": {
    "subA": 17,
    "subB_name": "Otros",
    "slug": "otros",
    "brand": []
  }
},
{
  "model": "categories.subb",
  "pk": 91,
  "fields": {
    "subA": 18,
    "subB_name": "Perros",
    "slug": "perros",
    "brand": []
  }
},
{
  "model": "categories.subb",
  "pk": 92,
  "fields": {
    "subA": 18,
    "subB_name": "Gatos",
    "slug": "gatos",
    "brand": []
  }
},
{
  "model": "categories.subb",
  "pk": 93,
  "fields": {
    "subA": 18,
    "subB_name": "Peces",
    "slug": "peces",
    "brand": []
  }
},
{
  "model": "categories.subb",
  "pk": 94,
  "fields": {
    "subA": 18,
    "subB_name": "Cuchas y jaulas",
    "slug": "cuchas-y-jaulas",
    "brand": []
  }
},
{
  "model": "categories.subb",
  "pk": 95,
  "fields": {
    "subA": 18,
    "subB_name": "Otros",
    "slug": "otros",
    "brand": []
  }
},
{
  "model": "categories.subb",
  "pk": 96,
  "fields": {
    "subA": 19,
    "subB_name": "Kayak",
    "slug": "kayak",
    "brand": []
  }
},
{
  "model": "categories.subb",
  "pk": 97,
  "fields": {
    "subA": 19,
    "subB_name": "Snowboard y Esqui",
    "slug": "snowboard-y-esqui",
    "brand": []
  }
},
{
  "model": "categories.subb",
  "pk": 98,
  "fields": {
    "subA": 19,
    "subB_name": "Suplementos alimenticios",
    "slug": "suplementos-alimenticios",
    "brand": []
  }
},
{
  "model": "categories.subb",
  "pk": 99,
  "fields": {
    "subA": 19,
    "subB_name": "Bicicletas",
    "slug": "bicicletas",
    "brand": []
  }
},
{
  "model": "categories.subb",
  "pk": 100,
  "fields": {
    "subA": 19,
    "subB_name": "Rollers",
    "slug": "rollers",
    "brand": []
  }
},
{
  "model": "categories.subb",
  "pk": 101,
  "fields": {
    "subA": 19,
    "subB_name": "Otros",
    "slug": "otros",
    "brand": []
  }
},
{
  "model": "categories.subb",
  "pk": 102,
  "fields": {
    "subA": 23,
    "subB_name": "Guitarras",
    "slug": "guitarras",
    "brand": []
  }
},
{
  "model": "categories.subb",
  "pk": 103,
  "fields": {
    "subA": 23,
    "subB_name": "Pianos",
    "slug": "pianos",
    "brand": []
  }
},
{
  "model": "categories.subb",
  "pk": 104,
  "fields": {
    "subA": 23,
    "subB_name": "Bajos",
    "slug": "bajos",
    "brand": []
  }
},
{
  "model": "categories.subb",
  "pk": 105,
  "fields": {
    "subA": 23,
    "subB_name": "Baterias",
    "slug": "baterias",
    "brand": []
  }
},
{
  "model": "categories.subb",
  "pk": 106,
  "fields": {
    "subA": 23,
    "subB_name": "Otros",
    "slug": "otros",
    "brand": []
  }
},
{
  "model": "categories.subb",
  "pk": 107,
  "fields": {
    "subA": 24,
    "subB_name": "Materiales",
    "slug": "materiales",
    "brand": []
  }
},
{
  "model": "categories.subb",
  "pk": 108,
  "fields": {
    "subA": 23,
    "subB_name": "Cuadros",
    "slug": "cuadros",
    "brand": []
  }
},
{
  "model": "categories.subb",
  "pk": 109,
  "fields": {
    "subA": 23,
    "subB_name": "Dibujos",
    "slug": "dibujos",
    "brand": []
  }
},
{
  "model": "categories.subb",
  "pk": 110,
  "fields": {
    "subA": 23,
    "subB_name": "Otros",
    "slug": "otros",
    "brand": []
  }
},
{
  "model": "categories.subb",
  "pk": 111,
  "fields": {
    "subA": 25,
    "subB_name": "PlayStation",
    "slug": "playstation",
    "brand": []
  }
},
{
  "model": "categories.subb",
  "pk": 112,
  "fields": {
    "subA": 25,
    "subB_name": "Xbox",
    "slug": "xbox",
    "brand": []
  }
},
{
  "model": "categories.subb",
  "pk": 113,
  "fields": {
    "subA": 25,
    "subB_name": "Accesorios",
    "slug": "accesorios",
    "brand": []
  }
},
{
  "model": "categories.subb",
  "pk": 114,
  "fields": {
    "subA": 25,
    "subB_name": "Otros",
    "slug": "otros",
    "brand": []
  }
},
{
  "model": "categories.subb",
  "pk": 115,
  "fields": {
    "subA": 26,
    "subB_name": "Libros",
    "slug": "libros",
    "brand": []
  }
},
{
  "model": "categories.subb",
  "pk": 116,
  "fields": {
    "subA": 26,
    "subB_name": "Peliculas",
    "slug": "peliculas",
    "brand": []
  }
},
{
  "model": "categories.subb",
  "pk": 117,
  "fields": {
    "subA": 26,
    "subB_name": "Discos",
    "slug": "discos",
    "brand": []
  }
},
{
  "model": "categories.subb",
  "pk": 118,
  "fields": {
    "subA": 26,
    "subB_name": "Otros",
    "slug": "otros",
    "brand": []
  }
}
]
